payment_id,subscription_id,payment_date,amount,payment_method,payment_status
1,294,2026-08-29,79.0,Bank Transfer,Paid
2,122,2025-03-21,29.0,UPI,Paid
3,258,2026-06-26,29.0,UPI,Paid
4,398,2025-01-07,29.0,Bank Transfer,Paid
5,342,2026-04-09,29.0,UPI,Paid
6,197,2025-08-04,199.0,PayPal,Paid
7,201,2025-01-27,79.0,Card,Paid
8,409,2025-05-24,199.0,Card,Paid
9,389,2025-06-26,79.0,Bank Transfer,Paid
10,74,2026-08-11,79.0,Card,Paid
11,183,2025-06-11,499.0,UPI,Paid
12,119,2025-04-12,79.0,Bank Transfer,Paid
13,115,2025-08-28,29.0,Card,Paid
14,210,2025-07-30,79.0,Card,Paid
15,309,2026-02-12,79.0,Bank Transfer,Paid
16,139,2026-08-30,29.0,UPI,Paid
17,541,2026-02-17,29.0,Bank Transfer,Paid
18,307,2026-02-02,79.0,Bank Transfer,Paid
19,292,2025-12-25,29.0,UPI,Paid
20,88,2025-11-14,499.0,Card,Failed
21,351,2026-02-17,79.0,Bank Transfer,Paid
22,274,2025-12-12,79.0,UPI,Paid
23,637,2026-03-24,79.0,Card,Failed
24,71,2026-04-14,29.0,Card,Paid
25,519,2026-04-11,79.0,UPI,Paid
26,526,2026-03-03,29.0,Card,Paid
27,640,2025-01-13,79.0,Card,Paid
28,560,2025-08-24,79.0,Bank Transfer,Paid
29,597,2025-03-06,29.0,Bank Transfer,Failed
30,637,2026-07-01,79.0,UPI,Paid
31,242,2026-02-25,29.0,UPI,Paid
32,569,2025-09-27,199.0,PayPal,Paid
33,407,2025-03-20,499.0,Card,Paid
34,123,2025-10-02,29.0,UPI,Paid
35,289,2026-07-31,79.0,UPI,Refunded
36,605,2025-05-22,29.0,Card,Paid
37,153,2025-04-17,29.0,UPI,Paid
38,29,2025-11-04,199.0,UPI,Refunded
39,26,2026-05-01,499.0,Card,Paid
40,383,2026-08-28,29.0,UPI,Paid
41,492,2025-11-12,29.0,Bank Transfer,Paid
42,242,2026-08-18,29.0,Card,Paid
43,549,2026-08-02,79.0,Card,Paid
44,524,2025-08-13,29.0,Card,Paid
45,425,2025-07-05,29.0,PayPal,Paid
46,217,2026-06-15,79.0,UPI,Paid
47,112,2025-05-01,79.0,Bank Transfer,Paid
48,295,2025-01-12,29.0,Card,Paid
49,240,2025-11-01,29.0,UPI,Paid
50,441,2026-08-07,499.0,UPI,Failed
51,425,2025-01-01,29.0,PayPal,Failed
52,441,2025-01-21,499.0,Bank Transfer,Paid
53,619,2026-04-23,79.0,Card,Paid
54,311,2026-05-30,199.0,Bank Transfer,Paid
55,172,2025-12-01,79.0,PayPal,Paid
56,31,2026-06-10,79.0,UPI,Paid
57,250,2025-12-21,79.0,Bank Transfer,Paid
58,37,2025-11-05,79.0,Card,Paid
59,588,2025-09-27,79.0,UPI,Paid
60,15,2025-06-07,79.0,Card,Paid
61,2,2026-05-14,29.0,PayPal,Paid
62,286,2025-02-11,29.0,Card,Paid
63,425,2026-03-27,29.0,Card,Paid
64,548,2026-04-22,79.0,Bank Transfer,Paid
65,195,2026-03-06,199.0,Card,Paid
66,455,2025-03-27,29.0,UPI,Paid
67,115,2025-09-02,29.0,Card,Paid
68,342,2026-01-27,29.0,UPI,Paid
69,108,2026-08-05,199.0,Bank Transfer,Paid
70,312,2026-01-12,199.0,Card,Paid
71,385,2025-06-13,79.0,Card,Paid
72,136,2026-06-24,79.0,Card,Paid
73,323,2025-01-06,79.0,UPI,Paid
74,419,2025-12-31,499.0,UPI,Paid
75,6,2026-05-30,79.0,Card,Failed
76,414,2025-08-22,79.0,Card,Paid
77,148,2025-12-23,29.0,Bank Transfer,Paid
78,388,2025-12-05,79.0,Bank Transfer,Failed
79,371,2025-08-21,29.0,Card,Failed
80,19,2026-08-30,199.0,Bank Transfer,Paid
81,390,2025-10-04,29.0,Card,Paid
82,409,2026-06-22,199.0,Card,Paid
83,414,2025-09-23,79.0,UPI,Paid
84,48,2025-03-08,29.0,Card,Paid
85,162,2025-03-20,499.0,Card,Paid
86,264,2025-02-26,199.0,PayPal,Paid
87,118,2026-06-14,79.0,PayPal,Paid
88,291,2026-03-04,29.0,UPI,Paid
89,115,2026-06-05,29.0,Card,Paid
90,151,2025-05-23,199.0,UPI,Paid
91,634,2025-05-28,29.0,UPI,Paid
92,114,2025-11-15,29.0,Bank Transfer,Paid
93,424,2025-04-28,79.0,PayPal,Paid
94,71,2026-02-07,29.0,Card,Paid
95,588,2025-01-27,79.0,PayPal,Paid
96,337,2026-02-27,79.0,Bank Transfer,Paid
97,441,2025-03-18,499.0,Card,Paid
98,411,2025-03-06,29.0,UPI,Paid
99,434,2025-12-05,199.0,Card,Paid
100,538,2026-01-12,29.0,UPI,Paid
101,148,2025-02-21,29.0,Bank Transfer,Paid
102,323,2026-03-21,79.0,UPI,Paid
103,137,2025-12-16,499.0,UPI,Paid
104,298,2025-03-06,199.0,Card,Paid
105,353,2025-01-18,499.0,Bank Transfer,Paid
106,115,2026-06-01,29.0,UPI,Paid
107,449,2025-10-23,29.0,Card,Paid
108,511,2026-03-04,79.0,Card,Paid
109,303,2025-10-17,499.0,Card,Paid
110,607,2025-10-08,199.0,Bank Transfer,Paid
111,375,2025-08-16,199.0,Card,Paid
112,438,2025-06-13,199.0,Card,Paid
113,593,2025-10-27,79.0,Bank Transfer,Failed
114,100,2025-01-03,29.0,Card,Paid
115,430,2025-10-31,79.0,Bank Transfer,Paid
116,480,2025-09-23,29.0,Card,Paid
117,421,2025-07-26,29.0,UPI,Paid
118,200,2026-07-22,29.0,Card,Paid
119,163,2025-10-30,79.0,Card,Paid
120,403,2026-04-23,79.0,Card,Failed
121,583,2025-01-17,199.0,Card,Paid
122,186,2025-04-18,199.0,Card,Paid
123,398,2026-05-26,29.0,Card,Failed
124,609,2026-07-20,79.0,Card,Paid
125,598,2025-06-08,79.0,Card,Paid
126,50,2025-11-25,29.0,Card,Paid
127,109,2026-03-01,29.0,Bank Transfer,Paid
128,215,2025-01-07,29.0,Bank Transfer,Paid
129,285,2026-02-27,79.0,Bank Transfer,Paid
130,106,2025-08-21,29.0,Card,Paid
131,571,2025-09-19,29.0,Card,Paid
132,30,2025-10-02,79.0,Card,Paid
133,274,2026-06-11,79.0,Card,Paid
134,600,2025-08-24,79.0,Card,Paid
135,522,2025-08-21,79.0,UPI,Paid
136,531,2025-11-16,29.0,UPI,Paid
137,471,2026-08-09,29.0,UPI,Paid
138,88,2026-06-14,499.0,UPI,Paid
139,182,2025-11-07,199.0,Card,Paid
140,501,2025-07-10,29.0,Card,Paid
141,100,2026-05-23,29.0,UPI,Paid
142,514,2025-11-05,29.0,PayPal,Paid
143,451,2025-12-12,79.0,Card,Paid
144,126,2025-09-14,29.0,Card,Paid
145,487,2025-04-25,199.0,Card,Paid
146,26,2025-08-25,499.0,Card,Refunded
147,39,2025-09-12,199.0,Card,Paid
148,616,2025-06-01,79.0,PayPal,Paid
149,400,2025-04-03,79.0,Card,Paid
150,144,2025-03-21,29.0,UPI,Paid
151,471,2026-07-28,29.0,PayPal,Paid
152,485,2026-03-03,29.0,PayPal,Paid
153,162,2025-07-06,499.0,Bank Transfer,Paid
154,347,2025-03-15,79.0,Card,Paid
155,473,2025-08-26,199.0,Card,Paid
156,141,2025-06-20,29.0,Bank Transfer,Paid
157,70,2026-06-21,79.0,Card,Paid
158,131,2026-05-15,199.0,Card,Paid
159,279,2025-11-15,79.0,Card,Paid
160,145,2025-03-02,79.0,UPI,Paid
161,36,2026-02-03,29.0,PayPal,Paid
162,273,2026-04-21,79.0,Bank Transfer,Paid
163,470,2026-06-12,29.0,Card,Paid
164,149,2026-08-20,199.0,Card,Paid
165,146,2025-08-08,79.0,UPI,Paid
166,384,2025-06-26,199.0,Card,Paid
167,507,2026-05-12,29.0,UPI,Paid
168,647,2025-11-10,29.0,Card,Paid
169,602,2025-01-20,29.0,Bank Transfer,Paid
170,462,2025-01-31,79.0,UPI,Paid
171,549,2025-02-14,79.0,Card,Paid
172,600,2025-02-19,79.0,Card,Paid
173,556,2026-04-18,29.0,Bank Transfer,Paid
174,261,2025-08-31,79.0,Card,Paid
175,387,2026-07-18,79.0,UPI,Paid
176,611,2025-12-13,79.0,PayPal,Paid
177,274,2025-08-30,79.0,UPI,Paid
178,181,2025-07-10,79.0,Card,Failed
179,92,2026-04-23,199.0,Card,Failed
180,400,2026-05-20,79.0,UPI,Paid
181,523,2026-05-11,29.0,UPI,Paid
182,104,2025-11-30,29.0,UPI,Paid
183,125,2026-04-15,29.0,Card,Paid
184,503,2025-02-12,499.0,Card,Paid
185,370,2025-11-21,79.0,Bank Transfer,Paid
186,240,2025-02-16,29.0,Card,Paid
187,198,2026-03-16,79.0,Card,Paid
188,453,2026-07-29,199.0,UPI,Paid
189,461,2026-08-15,199.0,Bank Transfer,Paid
190,373,2026-05-19,29.0,Card,Paid
191,437,2026-05-08,29.0,UPI,Paid
192,130,2025-12-12,199.0,PayPal,Paid
193,261,2025-08-20,79.0,PayPal,Paid
194,10,2025-04-09,199.0,Card,Paid
195,481,2025-03-13,199.0,UPI,Paid
196,181,2026-02-22,79.0,UPI,Paid
197,10,2025-12-08,199.0,UPI,Paid
198,145,2026-05-17,79.0,UPI,Paid
199,282,2026-04-13,499.0,UPI,Paid
200,78,2026-04-27,199.0,Card,Paid
201,144,2026-05-10,29.0,UPI,Refunded
202,261,2025-12-22,79.0,PayPal,Paid
203,200,2025-08-07,29.0,Card,Paid
204,267,2026-04-08,79.0,Bank Transfer,Paid
205,443,2026-06-11,29.0,Bank Transfer,Paid
206,600,2025-06-06,79.0,UPI,Paid
207,176,2026-03-04,79.0,Card,Paid
208,188,2026-05-13,29.0,Card,Paid
209,263,2026-03-19,79.0,PayPal,Paid
210,532,2026-04-22,199.0,Card,Paid
211,439,2025-08-27,29.0,UPI,Paid
212,468,2026-05-03,79.0,PayPal,Paid
213,104,2025-12-10,29.0,Card,Paid
214,407,2025-06-26,499.0,Card,Paid
215,438,2025-09-12,199.0,Bank Transfer,Paid
216,307,2026-03-15,79.0,Card,Paid
217,308,2025-01-23,29.0,Card,Paid
218,225,2026-02-14,199.0,Bank Transfer,Paid
219,498,2026-06-19,199.0,Card,Paid
220,114,2025-11-26,29.0,Bank Transfer,Paid
221,187,2025-12-31,199.0,Card,Paid
222,499,2026-03-01,79.0,Card,Paid
223,307,2026-05-05,79.0,Bank Transfer,Paid
224,189,2025-10-25,79.0,Bank Transfer,Failed
225,343,2025-02-21,79.0,PayPal,Paid
226,108,2025-11-08,199.0,Card,Paid
227,325,2026-02-10,29.0,PayPal,Paid
228,515,2025-05-20,199.0,Bank Transfer,Paid
229,618,2025-05-04,29.0,UPI,Paid
230,448,2025-04-25,79.0,Card,Paid
231,73,2025-03-21,199.0,UPI,Paid
232,54,2025-11-10,79.0,UPI,Paid
233,8,2026-07-16,199.0,Card,Paid
234,285,2026-06-27,79.0,Card,Paid
235,385,2026-05-24,79.0,Card,Paid
236,448,2025-12-14,79.0,UPI,Paid
237,28,2025-07-03,29.0,Card,Paid
238,401,2025-11-23,199.0,Card,Paid
239,491,2025-07-25,199.0,Bank Transfer,Failed
240,366,2025-09-24,29.0,UPI,Paid
241,318,2025-12-03,29.0,Bank Transfer,Paid
242,30,2025-05-30,79.0,Card,Paid
243,316,2025-08-06,29.0,PayPal,Paid
244,20,2025-02-24,29.0,Bank Transfer,Paid
245,519,2025-01-26,79.0,Bank Transfer,Paid
246,269,2025-08-17,199.0,PayPal,Paid
247,524,2026-05-07,29.0,Card,Paid
248,56,2025-10-07,79.0,Bank Transfer,Paid
249,468,2026-05-28,79.0,UPI,Paid
250,297,2025-06-25,199.0,Card,Failed
251,390,2025-04-25,29.0,Card,Paid
252,336,2026-02-18,29.0,UPI,Failed
253,303,2025-02-16,499.0,PayPal,Refunded
254,413,2025-03-22,79.0,UPI,Paid
255,325,2025-02-15,29.0,Bank Transfer,Paid
256,351,2025-07-29,79.0,Card,Paid
257,584,2025-05-21,199.0,UPI,Paid
258,521,2026-08-21,79.0,PayPal,Paid
259,311,2025-03-31,199.0,Card,Paid
260,282,2025-04-08,499.0,UPI,Paid
261,557,2025-05-07,499.0,Card,Paid
262,277,2025-04-17,29.0,Card,Paid
263,227,2025-08-05,79.0,Bank Transfer,Paid
264,249,2025-12-31,29.0,PayPal,Paid
265,553,2026-06-28,199.0,Card,Paid
266,488,2026-08-23,199.0,UPI,Paid
267,389,2026-01-07,79.0,Bank Transfer,Paid
268,353,2026-08-08,499.0,Bank Transfer,Paid
269,17,2025-08-16,79.0,PayPal,Paid
270,502,2025-12-01,79.0,UPI,Paid
271,419,2025-01-18,499.0,PayPal,Paid
272,162,2025-04-06,499.0,Card,Paid
273,281,2025-08-14,199.0,PayPal,Paid
274,208,2025-11-11,499.0,Card,Paid
275,288,2026-08-01,199.0,PayPal,Paid
276,642,2025-06-16,79.0,Card,Refunded
277,584,2025-09-05,199.0,Card,Paid
278,151,2025-11-25,199.0,UPI,Paid
279,426,2026-01-15,79.0,UPI,Paid
280,137,2025-02-10,499.0,Card,Paid
281,217,2026-06-18,79.0,PayPal,Paid
282,59,2025-07-18,79.0,UPI,Paid
283,310,2025-09-24,79.0,Card,Paid
284,596,2025-12-19,29.0,Card,Paid
285,220,2025-06-30,29.0,Card,Paid
286,465,2025-03-05,199.0,Bank Transfer,Paid
287,504,2025-10-22,29.0,UPI,Refunded
288,301,2025-02-25,499.0,Card,Paid
289,244,2026-03-28,79.0,Card,Paid
290,216,2026-07-04,199.0,PayPal,Paid
291,458,2026-02-26,199.0,Card,Paid
292,132,2026-05-10,499.0,Bank Transfer,Paid
293,611,2026-07-10,79.0,PayPal,Paid
294,123,2025-06-22,29.0,Card,Paid
295,406,2026-02-05,199.0,PayPal,Paid
296,355,2025-06-02,79.0,Card,Paid
297,287,2025-12-07,199.0,Bank Transfer,Paid
298,642,2026-05-10,79.0,PayPal,Paid
299,539,2025-03-19,79.0,UPI,Paid
300,296,2026-07-24,499.0,Bank Transfer,Refunded
301,442,2026-04-29,29.0,Card,Paid
302,154,2025-12-22,79.0,Card,Paid
303,478,2026-04-11,79.0,Card,Failed
304,153,2025-08-04,29.0,Card,Paid
305,545,2025-12-14,29.0,UPI,Paid
306,285,2025-11-25,79.0,Card,Paid
307,96,2026-07-24,79.0,Card,Paid
308,173,2025-01-09,29.0,Card,Paid
309,45,2025-11-05,29.0,Card,Paid
310,98,2025-06-22,79.0,UPI,Paid
311,537,2025-09-25,79.0,PayPal,Paid
312,530,2025-03-26,79.0,Card,Paid
313,285,2026-08-11,79.0,UPI,Paid
314,383,2025-02-04,29.0,Bank Transfer,Paid
315,437,2025-06-20,29.0,UPI,Paid
316,525,2026-01-20,29.0,Bank Transfer,Paid
317,380,2025-08-13,29.0,Card,Failed
318,70,2026-06-09,79.0,Card,Paid
319,508,2025-01-10,79.0,Card,Paid
320,328,2025-09-13,199.0,Card,Paid
321,555,2025-01-09,199.0,Card,Paid
322,536,2025-07-08,199.0,Bank Transfer,Paid
323,582,2025-02-26,29.0,UPI,Refunded
324,428,2026-05-27,29.0,Card,Failed
325,364,2025-12-27,79.0,Card,Paid
326,482,2025-04-25,499.0,Card,Paid
327,535,2026-06-06,29.0,Card,Paid
328,100,2026-05-26,29.0,Card,Paid
329,127,2026-05-11,199.0,Card,Paid
330,214,2026-04-01,79.0,Card,Paid
331,61,2025-12-13,199.0,UPI,Paid
332,168,2026-03-09,199.0,Card,Paid
333,191,2026-08-23,79.0,Bank Transfer,Paid
334,230,2025-09-04,79.0,Card,Paid
335,318,2025-08-24,29.0,Card,Paid
336,368,2026-03-02,29.0,Bank Transfer,Paid
337,547,2026-01-16,29.0,UPI,Paid
338,11,2025-01-05,79.0,PayPal,Paid
339,157,2025-02-14,29.0,Card,Paid
340,4,2025-08-22,199.0,Card,Paid
341,27,2025-05-20,29.0,Bank Transfer,Paid
342,478,2026-05-25,79.0,Card,Paid
343,438,2026-02-17,199.0,Card,Refunded
344,292,2025-12-15,29.0,Bank Transfer,Refunded
345,200,2026-07-11,29.0,Bank Transfer,Paid
346,278,2025-03-26,499.0,Card,Paid
347,594,2026-08-13,199.0,Card,Paid
348,377,2025-06-24,199.0,Bank Transfer,Paid
349,456,2026-06-03,79.0,Card,Paid
350,453,2026-05-21,199.0,Bank Transfer,Paid
351,489,2025-11-25,79.0,Card,Paid
352,382,2025-03-03,199.0,UPI,Paid
353,547,2025-06-07,29.0,UPI,Paid
354,566,2025-04-06,29.0,Card,Paid
355,116,2026-04-21,29.0,UPI,Paid
356,4,2025-08-07,199.0,Card,Refunded
357,366,2025-06-28,29.0,UPI,Paid
358,635,2025-01-15,79.0,Card,Paid
359,403,2026-02-03,79.0,PayPal,Paid
360,68,2025-12-05,79.0,Card,Paid
361,324,2025-02-09,29.0,Card,Failed
362,355,2026-08-29,79.0,Card,Paid
363,19,2026-04-06,199.0,Card,Paid
364,567,2025-02-25,79.0,Card,Paid
365,477,2026-04-14,29.0,Card,Paid
366,329,2026-05-14,29.0,UPI,Paid
367,493,2025-02-18,79.0,UPI,Paid
368,223,2026-04-18,199.0,UPI,Paid
369,342,2026-05-17,29.0,Bank Transfer,Paid
370,331,2026-02-16,199.0,Card,Paid
371,7,2025-04-28,79.0,Bank Transfer,Paid
372,494,2026-01-12,199.0,UPI,Paid
373,530,2025-06-27,79.0,Bank Transfer,Paid
374,215,2025-03-28,29.0,Card,Paid
375,195,2025-12-25,199.0,UPI,Paid
376,385,2025-08-21,79.0,Card,Paid
377,353,2026-06-11,499.0,Card,Paid
378,559,2025-05-01,29.0,Card,Paid
379,473,2026-07-12,199.0,Card,Paid
380,82,2025-08-12,199.0,Card,Failed
381,371,2025-08-15,29.0,Bank Transfer,Paid
382,57,2025-09-04,499.0,UPI,Paid
383,1,2025-06-11,29.0,Card,Paid
384,84,2026-07-18,29.0,Card,Failed
385,401,2025-07-30,199.0,Bank Transfer,Paid
386,24,2026-02-26,29.0,Bank Transfer,Paid
387,86,2026-07-20,79.0,Card,Paid
388,644,2026-04-27,79.0,Card,Paid
389,596,2025-05-23,29.0,Bank Transfer,Paid
390,535,2025-08-28,29.0,Card,Paid
391,12,2025-11-18,79.0,UPI,Paid
392,59,2025-10-15,79.0,Bank Transfer,Paid
393,333,2025-02-26,79.0,Card,Paid
394,355,2025-02-03,79.0,Bank Transfer,Paid
395,441,2025-03-16,499.0,PayPal,Paid
396,168,2025-09-29,199.0,UPI,Paid
397,104,2025-03-09,29.0,UPI,Paid
398,560,2025-01-09,79.0,Card,Paid
399,497,2026-05-11,79.0,UPI,Paid
400,493,2025-09-13,79.0,Card,Paid
401,193,2026-03-02,499.0,Card,Paid
402,191,2025-10-16,79.0,Card,Paid
403,137,2025-10-16,499.0,Card,Paid
404,620,2025-05-19,79.0,Card,Paid
405,38,2026-02-15,29.0,Card,Paid
406,64,2026-07-09,79.0,Bank Transfer,Paid
407,479,2025-07-24,79.0,Card,Paid
408,186,2026-02-14,199.0,Card,Paid
409,163,2026-06-03,79.0,Card,Paid
410,92,2025-04-19,199.0,Card,Paid
411,255,2025-10-26,79.0,Card,Paid
412,238,2026-03-29,79.0,UPI,Paid
413,296,2026-07-14,499.0,UPI,Paid
414,479,2025-04-20,79.0,Bank Transfer,Paid
415,136,2026-04-15,79.0,Card,Paid
416,589,2025-03-09,29.0,Card,Paid
417,90,2025-07-17,29.0,Card,Paid
418,436,2026-03-29,29.0,UPI,Paid
419,60,2025-05-26,79.0,Bank Transfer,Paid
420,250,2026-03-26,79.0,UPI,Paid
421,190,2026-06-27,199.0,Card,Paid
422,175,2025-07-03,79.0,Bank Transfer,Paid
423,648,2025-03-21,29.0,Card,Paid
424,376,2025-08-14,199.0,UPI,Paid
425,227,2025-09-25,79.0,Card,Paid
426,582,2025-01-31,29.0,Bank Transfer,Paid
427,5,2026-03-25,79.0,UPI,Refunded
428,125,2025-02-26,29.0,PayPal,Paid
429,310,2025-03-28,79.0,PayPal,Paid
430,327,2026-08-19,29.0,Card,Paid
431,68,2026-07-29,79.0,Card,Paid
432,328,2025-03-18,199.0,Card,Paid
433,237,2025-08-08,79.0,Card,Paid
434,583,2026-01-24,199.0,Bank Transfer,Paid
435,253,2026-06-29,199.0,Card,Paid
436,162,2025-11-03,499.0,Card,Paid
437,509,2025-06-07,499.0,Card,Paid
438,100,2025-11-17,29.0,UPI,Paid
439,163,2025-08-29,79.0,UPI,Paid
440,19,2026-06-12,199.0,Card,Paid
441,420,2026-07-20,499.0,Card,Paid
442,578,2025-01-30,199.0,Card,Paid
443,124,2025-01-15,79.0,Card,Paid
444,387,2026-04-10,79.0,Card,Paid
445,646,2025-05-08,79.0,Bank Transfer,Paid
446,606,2026-08-13,79.0,Card,Paid
447,505,2025-12-09,29.0,Card,Paid
448,446,2026-05-25,199.0,Card,Paid
449,509,2026-08-22,499.0,Bank Transfer,Paid
450,64,2025-04-13,79.0,UPI,Paid
451,294,2026-05-27,79.0,Bank Transfer,Paid
452,569,2025-09-28,199.0,Card,Paid
453,350,2026-06-12,199.0,Bank Transfer,Paid
454,421,2025-12-08,29.0,Card,Paid
455,251,2025-09-13,199.0,Card,Paid
456,174,2026-06-17,79.0,UPI,Paid
457,118,2026-07-17,79.0,Card,Paid
458,170,2025-05-31,29.0,UPI,Paid
459,227,2026-02-01,79.0,Card,Paid
460,467,2025-04-12,79.0,Bank Transfer,Paid
461,257,2025-12-18,79.0,Card,Paid
462,133,2025-02-24,79.0,Card,Paid
463,519,2025-10-11,79.0,UPI,Paid
464,260,2026-01-27,29.0,PayPal,Paid
465,93,2025-07-10,199.0,Card,Paid
466,569,2025-08-07,199.0,Bank Transfer,Paid
467,586,2025-09-25,79.0,Bank Transfer,Failed
468,253,2025-08-07,199.0,PayPal,Paid
469,373,2026-07-20,29.0,Card,Paid
470,66,2026-06-11,199.0,Card,Paid
471,118,2026-08-23,79.0,Card,Paid
472,44,2025-02-13,199.0,UPI,Paid
473,80,2025-03-23,79.0,Card,Failed
474,589,2025-07-10,29.0,Bank Transfer,Paid
475,221,2025-07-11,199.0,UPI,Paid
476,429,2025-08-04,79.0,Card,Paid
477,488,2026-05-29,199.0,Card,Paid
478,226,2025-03-16,29.0,Card,Paid
479,129,2026-03-26,79.0,UPI,Paid
480,534,2025-11-13,29.0,Bank Transfer,Paid
481,168,2026-04-11,199.0,UPI,Paid
482,456,2026-05-13,79.0,Bank Transfer,Paid
483,505,2025-10-07,29.0,Card,Paid
484,257,2025-12-01,79.0,Card,Paid
485,375,2026-04-15,199.0,Bank Transfer,Failed
486,29,2025-03-05,199.0,UPI,Failed
487,607,2025-08-06,199.0,UPI,Paid
488,199,2025-10-18,499.0,Card,Paid
489,559,2025-10-17,29.0,UPI,Paid
490,45,2025-04-14,29.0,PayPal,Paid
491,428,2026-05-19,29.0,UPI,Paid
492,183,2026-01-06,499.0,Card,Paid
493,209,2026-05-13,199.0,Card,Paid
494,551,2025-04-06,199.0,UPI,Refunded
495,405,2026-05-29,79.0,Card,Paid
496,506,2026-05-09,29.0,PayPal,Paid
497,87,2025-02-09,199.0,Card,Paid
498,389,2025-05-26,79.0,UPI,Paid
499,178,2025-04-07,79.0,Card,Paid
500,408,2026-03-18,29.0,Card,Paid
501,553,2025-07-22,199.0,UPI,Paid
502,259,2026-07-12,79.0,Card,Paid
503,245,2026-02-06,79.0,PayPal,Paid
504,122,2025-06-25,29.0,UPI,Paid
505,488,2025-08-23,199.0,PayPal,Paid
506,516,2025-02-24,499.0,Card,Failed
507,200,2025-02-02,29.0,Card,Paid
508,438,2026-03-28,199.0,Bank Transfer,Paid
509,320,2026-01-02,29.0,Bank Transfer,Failed
510,604,2025-07-16,29.0,Bank Transfer,Paid
511,480,2025-07-10,29.0,Card,Refunded
512,253,2026-06-19,199.0,Card,Paid
513,391,2025-02-05,79.0,Card,Paid
514,441,2025-02-07,499.0,Card,Paid
515,29,2025-07-25,199.0,Card,Paid
516,629,2026-03-14,29.0,PayPal,Paid
517,476,2025-03-04,79.0,Card,Paid
518,118,2025-09-14,79.0,Card,Paid
519,162,2025-10-13,499.0,UPI,Paid
520,181,2025-02-12,79.0,Card,Paid
521,97,2025-01-05,79.0,UPI,Paid
522,339,2026-06-23,199.0,Card,Paid
523,290,2025-03-17,29.0,Card,Paid
524,35,2026-05-15,29.0,Bank Transfer,Refunded
525,181,2026-03-30,79.0,UPI,Failed
526,128,2025-02-13,199.0,Card,Paid
527,13,2026-03-03,199.0,Card,Paid
528,437,2025-09-15,29.0,PayPal,Paid
529,386,2026-02-14,29.0,Card,Paid
530,546,2025-09-01,79.0,UPI,Paid
531,474,2026-07-05,29.0,PayPal,Paid
532,303,2025-09-25,499.0,Bank Transfer,Paid
533,485,2026-07-07,29.0,PayPal,Paid
534,129,2025-10-02,79.0,Card,Paid
535,92,2025-12-12,199.0,Card,Paid
536,66,2025-05-09,199.0,PayPal,Paid
537,14,2026-04-01,29.0,Card,Paid
538,621,2025-02-18,29.0,PayPal,Paid
539,634,2026-05-08,29.0,Card,Paid
540,424,2025-08-08,79.0,Card,Paid
541,68,2026-02-25,79.0,Card,Paid
542,24,2025-04-21,29.0,Bank Transfer,Paid
543,36,2026-07-03,29.0,Bank Transfer,Paid
544,486,2026-04-21,199.0,Card,Paid
545,389,2025-10-09,79.0,Card,Paid
546,296,2026-03-10,499.0,Card,Paid
547,245,2026-07-31,79.0,PayPal,Paid
548,569,2025-06-15,199.0,UPI,Paid
549,13,2026-02-02,199.0,PayPal,Paid
550,570,2025-01-12,29.0,Card,Paid
551,65,2025-12-30,29.0,UPI,Paid
552,640,2025-01-26,79.0,Card,Paid
553,390,2025-09-06,29.0,UPI,Paid
554,379,2025-06-14,79.0,UPI,Paid
555,484,2026-02-26,199.0,UPI,Paid
556,301,2025-07-13,499.0,Bank Transfer,Paid
557,477,2026-02-07,29.0,UPI,Paid
558,108,2025-09-12,199.0,PayPal,Paid
559,266,2025-01-13,29.0,Card,Paid
560,328,2025-12-23,199.0,Bank Transfer,Paid
561,347,2026-01-26,79.0,Card,Paid
562,628,2026-03-05,79.0,Bank Transfer,Paid
563,603,2025-04-01,199.0,UPI,Paid
564,225,2025-08-29,199.0,Bank Transfer,Paid
565,235,2026-07-08,79.0,Card,Paid
566,494,2026-08-11,199.0,UPI,Failed
567,452,2025-09-20,29.0,PayPal,Paid
568,322,2026-01-08,199.0,UPI,Paid
569,400,2025-03-29,79.0,UPI,Paid
570,222,2025-03-02,29.0,Bank Transfer,Paid
571,160,2025-12-24,199.0,Bank Transfer,Paid
572,499,2025-01-09,79.0,Bank Transfer,Paid
573,335,2026-07-25,79.0,Bank Transfer,Paid
574,398,2026-03-02,29.0,Card,Paid
575,351,2025-03-30,79.0,Card,Paid
576,367,2026-07-15,29.0,UPI,Paid
577,293,2025-12-22,29.0,Card,Paid
578,244,2025-01-30,79.0,Card,Paid
579,124,2025-04-02,79.0,Card,Failed
580,220,2025-07-30,29.0,PayPal,Paid
581,61,2026-03-02,199.0,Card,Paid
582,104,2026-04-03,29.0,Bank Transfer,Paid
583,249,2025-03-04,29.0,UPI,Paid
584,417,2025-06-21,29.0,Card,Paid
585,111,2025-12-26,199.0,Bank Transfer,Paid
586,97,2026-07-10,79.0,Card,Paid
587,61,2025-10-06,199.0,PayPal,Failed
588,279,2026-04-30,79.0,Card,Paid
589,55,2025-08-24,79.0,Card,Paid
590,270,2025-11-29,29.0,Card,Paid
591,69,2025-07-17,79.0,UPI,Paid
592,63,2025-08-17,29.0,UPI,Paid
593,242,2025-03-05,29.0,Card,Paid
594,365,2025-01-19,79.0,Bank Transfer,Paid
595,270,2025-10-23,29.0,UPI,Paid
596,559,2026-04-15,29.0,PayPal,Paid
597,27,2025-07-07,29.0,Bank Transfer,Failed
598,200,2025-11-01,29.0,UPI,Paid
599,639,2025-10-02,29.0,PayPal,Paid
600,483,2026-05-22,79.0,PayPal,Paid
601,399,2026-07-18,79.0,UPI,Paid
602,602,2025-11-20,29.0,Card,Refunded
603,135,2025-10-27,29.0,Card,Failed
604,109,2026-01-19,29.0,UPI,Paid
605,507,2025-09-22,29.0,Card,Paid
606,25,2026-02-14,29.0,UPI,Paid
607,58,2026-04-11,79.0,Bank Transfer,Paid
608,506,2025-11-17,29.0,Card,Paid
609,17,2025-06-07,79.0,PayPal,Paid
610,536,2026-07-16,199.0,Card,Paid
611,214,2026-08-04,79.0,UPI,Failed
612,528,2026-07-30,29.0,PayPal,Paid
613,376,2026-01-31,199.0,Card,Failed
614,160,2025-10-01,199.0,UPI,Paid
615,553,2025-02-16,199.0,Card,Paid
616,515,2026-03-18,199.0,UPI,Paid
617,386,2026-06-02,29.0,Bank Transfer,Paid
618,70,2025-04-14,79.0,Card,Paid
619,548,2026-08-10,79.0,Card,Paid
620,598,2025-04-22,79.0,Bank Transfer,Paid
621,100,2025-03-31,29.0,Card,Paid
622,395,2025-08-24,199.0,PayPal,Paid
623,182,2025-11-18,199.0,PayPal,Refunded
624,201,2025-12-06,79.0,UPI,Paid
625,104,2025-01-01,29.0,Card,Paid
626,144,2026-06-08,29.0,UPI,Paid
627,645,2025-04-08,199.0,Card,Paid
628,275,2025-05-26,79.0,Bank Transfer,Paid
629,24,2025-10-28,29.0,Card,Paid
630,156,2026-04-27,79.0,Card,Paid
631,455,2025-11-18,29.0,PayPal,Paid
632,604,2025-09-08,29.0,Bank Transfer,Paid
633,84,2025-08-05,29.0,UPI,Paid
634,269,2025-11-22,199.0,Card,Paid
635,530,2025-01-25,79.0,Bank Transfer,Paid
636,401,2025-04-25,199.0,UPI,Paid
637,429,2025-03-31,79.0,Card,Paid
638,242,2026-06-02,29.0,Card,Paid
639,30,2025-08-03,79.0,Card,Paid
640,46,2025-05-04,29.0,PayPal,Paid
641,13,2025-07-31,199.0,Card,Paid
642,361,2025-02-17,79.0,Card,Paid
643,31,2026-08-20,79.0,PayPal,Failed
644,532,2025-05-04,199.0,UPI,Paid
645,356,2025-12-19,199.0,UPI,Paid
646,574,2026-07-02,79.0,Card,Paid
647,473,2026-06-02,199.0,PayPal,Paid
648,44,2025-05-26,199.0,Bank Transfer,Paid
649,315,2025-11-29,29.0,Bank Transfer,Paid
650,41,2026-08-23,29.0,UPI,Paid
651,124,2025-11-28,79.0,Card,Paid
652,281,2026-06-14,199.0,Bank Transfer,Paid
653,279,2025-05-01,79.0,Bank Transfer,Paid
654,343,2026-02-14,79.0,UPI,Paid
655,500,2026-03-07,29.0,Bank Transfer,Paid
656,147,2025-10-11,79.0,Bank Transfer,Refunded
657,355,2025-02-24,79.0,Card,Paid
658,389,2025-08-12,79.0,Card,Paid
659,199,2025-04-10,499.0,UPI,Paid
660,47,2025-02-12,29.0,Bank Transfer,Paid
661,486,2025-03-01,199.0,PayPal,Paid
662,505,2026-01-06,29.0,Card,Paid
663,422,2026-04-02,79.0,Card,Paid
664,637,2025-03-23,79.0,UPI,Paid
665,518,2026-03-25,29.0,Card,Paid
666,458,2026-05-12,199.0,UPI,Paid
667,230,2026-07-06,79.0,UPI,Paid
668,599,2025-05-30,79.0,Card,Paid
669,417,2025-04-02,29.0,PayPal,Paid
670,14,2025-08-23,29.0,Card,Paid
671,37,2025-05-06,79.0,Bank Transfer,Paid
672,65,2026-04-01,29.0,Card,Paid
673,427,2026-05-16,79.0,Card,Paid
674,268,2025-08-02,29.0,Card,Paid
675,199,2025-12-08,499.0,UPI,Paid
676,545,2026-04-21,29.0,Card,Paid
677,569,2025-10-01,199.0,Card,Paid
678,232,2025-12-08,79.0,UPI,Paid
679,626,2025-11-21,29.0,Bank Transfer,Paid
680,359,2026-07-19,29.0,Card,Paid
681,76,2026-07-25,499.0,Bank Transfer,Paid
682,121,2026-04-14,79.0,Card,Paid
683,371,2025-01-22,29.0,Bank Transfer,Paid
684,623,2025-07-14,199.0,Card,Paid
685,16,2025-12-21,79.0,Bank Transfer,Failed
686,44,2025-12-04,199.0,UPI,Paid
687,212,2025-05-15,499.0,Bank Transfer,Paid
688,265,2025-04-16,79.0,PayPal,Paid
689,238,2025-12-22,79.0,Card,Paid
690,540,2026-04-23,79.0,Bank Transfer,Paid
691,423,2025-09-18,199.0,PayPal,Paid
692,324,2025-03-23,29.0,UPI,Paid
693,589,2026-03-04,29.0,UPI,Paid
694,339,2025-06-01,199.0,Card,Paid
695,237,2026-01-04,79.0,Card,Paid
696,406,2025-10-14,199.0,Card,Paid
697,80,2025-11-21,79.0,Card,Paid
698,21,2026-05-19,199.0,Bank Transfer,Paid
699,530,2025-04-13,79.0,Card,Paid
700,493,2026-02-28,79.0,UPI,Paid
701,425,2025-03-09,29.0,Card,Paid
702,512,2025-11-18,79.0,Card,Paid
703,230,2026-02-26,79.0,Card,Paid
704,166,2025-03-21,79.0,UPI,Paid
705,293,2025-03-31,29.0,UPI,Paid
706,380,2025-09-30,29.0,Card,Paid
707,461,2026-05-03,199.0,Card,Paid
708,353,2025-08-03,499.0,PayPal,Paid
709,332,2025-06-19,199.0,Card,Refunded
710,159,2025-07-04,199.0,Card,Failed
711,547,2026-07-25,29.0,UPI,Paid
712,88,2026-02-16,499.0,PayPal,Failed
713,401,2025-11-04,199.0,Card,Paid
714,648,2025-10-01,29.0,Card,Paid
715,614,2026-05-05,199.0,Card,Paid
716,625,2025-12-05,79.0,Bank Transfer,Paid
717,589,2026-05-03,29.0,Bank Transfer,Paid
718,298,2026-08-06,199.0,UPI,Paid
719,223,2026-06-23,199.0,Bank Transfer,Paid
720,378,2025-12-18,199.0,Card,Paid
721,187,2026-04-24,199.0,Bank Transfer,Paid
722,60,2026-05-09,79.0,Card,Failed
723,433,2026-05-18,79.0,PayPal,Paid
724,70,2025-08-23,79.0,UPI,Paid
725,230,2026-01-12,79.0,PayPal,Paid
726,126,2026-02-25,29.0,Card,Paid
727,319,2026-05-23,29.0,Bank Transfer,Paid
728,62,2025-01-02,199.0,UPI,Paid
729,63,2025-05-15,29.0,UPI,Paid
730,162,2026-07-02,499.0,Card,Refunded
731,181,2026-06-20,79.0,UPI,Paid
732,208,2026-03-16,499.0,Card,Paid
733,250,2026-03-14,79.0,PayPal,Paid
734,643,2025-11-05,29.0,UPI,Refunded
735,293,2025-06-04,29.0,Card,Paid
736,613,2025-03-30,29.0,Bank Transfer,Paid
737,527,2025-03-14,29.0,Card,Paid
738,191,2026-03-28,79.0,Card,Paid
739,470,2026-03-03,29.0,Card,Refunded
740,119,2025-02-20,79.0,Card,Paid
741,534,2025-08-25,29.0,Bank Transfer,Paid
742,633,2025-09-08,79.0,Card,Failed
743,95,2025-04-26,199.0,UPI,Paid
744,420,2025-08-13,499.0,UPI,Paid
745,283,2025-11-18,199.0,UPI,Paid
746,272,2026-02-25,29.0,Bank Transfer,Paid
747,572,2026-08-08,29.0,Card,Paid
748,13,2026-05-06,199.0,UPI,Paid
749,259,2025-10-01,79.0,PayPal,Paid
750,315,2025-02-19,29.0,Bank Transfer,Paid
751,642,2025-11-10,79.0,Bank Transfer,Paid
752,548,2026-04-03,79.0,Card,Failed
753,244,2025-08-09,79.0,Card,Paid
754,178,2025-04-24,79.0,Card,Failed
755,559,2026-06-06,29.0,UPI,Paid
756,437,2025-07-20,29.0,UPI,Paid
757,168,2025-03-24,199.0,Card,Paid
758,432,2026-08-31,29.0,UPI,Paid
759,208,2026-07-04,499.0,Bank Transfer,Paid
760,162,2026-01-22,499.0,UPI,Paid
761,584,2026-05-28,199.0,Card,Paid
762,374,2025-04-04,199.0,Card,Paid
763,605,2025-04-24,29.0,UPI,Paid
764,554,2025-12-20,79.0,UPI,Failed
765,49,2025-02-04,199.0,Bank Transfer,Paid
766,541,2026-02-03,29.0,Bank Transfer,Paid
767,251,2025-03-17,199.0,Card,Paid
768,135,2025-04-25,29.0,Card,Paid
769,221,2026-08-14,199.0,UPI,Paid
770,643,2026-08-17,29.0,Card,Paid
771,597,2026-02-25,29.0,Card,Paid
772,256,2026-04-21,29.0,Card,Paid
773,579,2025-03-18,199.0,Card,Paid
774,402,2026-05-24,29.0,UPI,Refunded
775,123,2025-01-09,29.0,Card,Paid
776,490,2025-11-16,79.0,Card,Paid
777,267,2026-04-26,79.0,Card,Paid
778,292,2025-03-25,29.0,Card,Paid
779,237,2025-04-04,79.0,UPI,Paid
780,339,2025-04-13,199.0,UPI,Paid
781,580,2026-08-02,29.0,UPI,Paid
782,131,2025-05-31,199.0,UPI,Refunded
783,181,2025-05-24,79.0,Card,Paid
784,436,2025-10-25,29.0,Card,Paid
785,626,2025-04-24,29.0,Bank Transfer,Paid
786,77,2026-08-16,29.0,Bank Transfer,Paid
787,128,2025-03-09,199.0,Card,Paid
788,511,2026-01-10,79.0,Card,Paid
789,608,2026-03-11,79.0,Bank Transfer,Paid
790,198,2025-09-27,79.0,Card,Paid
791,165,2025-01-30,199.0,Card,Paid
792,390,2025-02-19,29.0,Card,Failed
793,6,2025-01-12,79.0,UPI,Paid
794,272,2025-02-17,29.0,Card,Paid
795,644,2026-01-25,79.0,UPI,Paid
796,294,2026-08-07,79.0,UPI,Paid
797,115,2025-09-25,29.0,Bank Transfer,Failed
798,12,2025-04-14,79.0,UPI,Paid
799,332,2025-09-05,199.0,UPI,Failed
800,165,2025-01-20,199.0,Card,Paid
801,358,2025-05-25,29.0,Card,Paid
802,30,2026-06-03,79.0,Bank Transfer,Paid
803,247,2026-01-05,79.0,Card,Paid
804,351,2026-06-01,79.0,UPI,Paid
805,194,2025-10-17,199.0,Card,Paid
806,202,2025-09-15,199.0,Bank Transfer,Paid
807,340,2025-12-24,79.0,Bank Transfer,Refunded
808,541,2026-04-17,29.0,UPI,Paid
809,159,2025-08-14,199.0,UPI,Paid
810,425,2025-08-30,29.0,Card,Paid
811,190,2025-12-30,199.0,UPI,Paid
812,176,2026-07-20,79.0,Card,Paid
813,387,2025-10-22,79.0,Card,Paid
814,283,2026-08-23,199.0,Bank Transfer,Paid
815,329,2025-05-15,29.0,PayPal,Paid
816,558,2025-01-28,199.0,Card,Paid
817,404,2026-04-14,199.0,UPI,Paid
818,386,2026-03-31,29.0,Card,Paid
819,419,2025-02-18,499.0,Card,Paid
820,465,2025-05-05,199.0,Bank Transfer,Refunded
821,73,2025-11-14,199.0,Card,Refunded
822,256,2026-04-22,29.0,Bank Transfer,Paid
823,293,2026-03-30,29.0,Card,Paid
824,101,2026-01-04,79.0,Card,Paid
825,609,2026-05-28,79.0,Bank Transfer,Paid
826,589,2025-07-21,29.0,Card,Paid
827,2,2025-02-11,29.0,PayPal,Paid
828,485,2025-09-19,29.0,Bank Transfer,Paid
829,491,2025-05-21,199.0,Bank Transfer,Paid
830,509,2025-08-07,499.0,Card,Paid
831,304,2025-04-15,29.0,Bank Transfer,Paid
832,269,2025-12-21,199.0,Card,Paid
833,379,2026-01-27,79.0,Card,Paid
834,142,2026-04-05,499.0,Bank Transfer,Paid
835,579,2026-04-09,199.0,Card,Paid
836,453,2025-06-06,199.0,Bank Transfer,Paid
837,559,2026-01-28,29.0,Bank Transfer,Paid
838,525,2025-03-14,29.0,Card,Paid
839,188,2026-02-24,29.0,Bank Transfer,Paid
840,275,2026-01-21,79.0,Bank Transfer,Paid
841,495,2026-04-28,79.0,Card,Paid
842,37,2025-01-16,79.0,UPI,Paid
843,316,2025-11-18,29.0,PayPal,Paid
844,527,2025-04-02,29.0,Bank Transfer,Paid
845,48,2025-05-22,29.0,Card,Paid
846,373,2025-08-30,29.0,PayPal,Paid
847,101,2025-06-09,79.0,UPI,Paid
848,8,2025-07-28,199.0,Card,Refunded
849,100,2025-04-21,29.0,Bank Transfer,Paid
850,426,2026-07-22,79.0,UPI,Paid
851,269,2026-08-18,199.0,PayPal,Paid
852,630,2026-01-20,199.0,Card,Failed
853,615,2025-04-04,199.0,Card,Paid
854,423,2025-07-20,199.0,Card,Paid
855,156,2025-07-06,79.0,Card,Paid
856,597,2025-02-17,29.0,Card,Paid
857,444,2025-04-26,199.0,Card,Paid
858,302,2025-10-01,499.0,Bank Transfer,Paid
859,398,2026-03-30,29.0,Card,Paid
860,164,2025-03-27,499.0,Bank Transfer,Paid
861,180,2025-02-23,79.0,Card,Paid
862,530,2025-02-14,79.0,Card,Paid
863,79,2026-04-06,79.0,Bank Transfer,Paid
864,31,2025-03-27,79.0,Card,Paid
865,351,2026-07-27,79.0,Bank Transfer,Paid
866,67,2026-07-10,199.0,Card,Paid
867,538,2026-01-07,29.0,UPI,Paid
868,183,2025-02-12,499.0,Card,Paid
869,419,2026-02-18,499.0,Bank Transfer,Paid
870,284,2025-06-06,79.0,Bank Transfer,Paid
871,1,2025-07-02,29.0,Bank Transfer,Failed
872,537,2025-07-05,79.0,UPI,Paid
873,39,2025-10-01,199.0,UPI,Paid
874,382,2025-10-09,199.0,Card,Paid
875,273,2026-05-25,79.0,UPI,Refunded
876,614,2025-01-21,199.0,Card,Paid
877,303,2025-04-24,499.0,Card,Paid
878,391,2025-05-15,79.0,Bank Transfer,Refunded
879,644,2026-02-07,79.0,Card,Paid
880,19,2025-02-23,199.0,PayPal,Paid
881,436,2025-05-09,29.0,Bank Transfer,Paid
882,157,2026-07-21,29.0,Card,Paid
883,310,2026-04-17,79.0,PayPal,Paid
884,267,2025-08-21,79.0,Card,Paid
885,395,2025-04-21,199.0,Card,Paid
886,445,2025-10-18,29.0,UPI,Paid
887,387,2026-04-29,79.0,Card,Paid
888,220,2025-09-05,29.0,Card,Paid
889,280,2025-06-19,29.0,Bank Transfer,Paid
890,372,2026-04-27,79.0,UPI,Paid
891,620,2025-07-31,79.0,Card,Paid
892,585,2025-04-28,79.0,UPI,Paid
893,303,2026-08-14,499.0,UPI,Paid
894,411,2025-09-06,29.0,UPI,Paid
895,626,2025-01-14,29.0,Card,Paid
896,323,2025-09-19,79.0,Card,Refunded
897,20,2025-01-29,29.0,UPI,Paid
898,192,2025-07-23,79.0,Card,Paid
899,312,2026-06-18,199.0,Card,Paid
900,275,2025-06-07,79.0,Card,Failed
901,264,2025-08-18,199.0,Card,Refunded
902,451,2025-08-08,79.0,UPI,Failed
903,39,2026-06-28,199.0,UPI,Failed
904,582,2026-04-10,29.0,UPI,Paid
905,218,2025-04-24,199.0,Card,Refunded
906,393,2025-12-22,199.0,Bank Transfer,Paid
907,279,2025-11-14,79.0,Bank Transfer,Paid
908,281,2025-02-05,199.0,PayPal,Paid
909,219,2025-09-26,199.0,Card,Paid
910,489,2026-07-14,79.0,Card,Paid
911,459,2025-12-01,499.0,Card,Paid
912,479,2025-02-01,79.0,Card,Paid
913,352,2026-01-22,79.0,Bank Transfer,Paid
914,169,2025-10-31,79.0,UPI,Paid
915,626,2026-08-20,29.0,UPI,Paid
916,155,2025-02-14,29.0,Bank Transfer,Paid
917,143,2025-05-14,79.0,Card,Paid
918,326,2025-08-12,199.0,PayPal,Paid
919,341,2025-05-18,29.0,UPI,Paid
920,395,2026-04-22,199.0,Bank Transfer,Paid
921,255,2025-11-19,79.0,Bank Transfer,Paid
922,471,2026-03-05,29.0,Card,Paid
923,256,2025-11-15,29.0,Bank Transfer,Paid
924,237,2026-01-16,79.0,UPI,Paid
925,615,2025-05-13,199.0,Bank Transfer,Paid
926,566,2026-02-24,29.0,Card,Paid
927,323,2025-10-30,79.0,Bank Transfer,Paid
928,602,2026-07-22,29.0,Bank Transfer,Paid
929,467,2025-07-12,79.0,Bank Transfer,Paid
930,292,2026-03-25,29.0,UPI,Failed
931,40,2025-07-29,29.0,UPI,Paid
932,79,2026-02-19,79.0,Card,Paid
933,581,2026-08-20,199.0,Bank Transfer,Paid
934,39,2025-03-25,199.0,UPI,Paid
935,67,2026-02-11,199.0,Bank Transfer,Refunded
936,304,2025-04-14,29.0,PayPal,Paid
937,377,2026-01-16,199.0,Card,Paid
938,24,2026-07-03,29.0,Card,Paid
939,287,2026-07-13,199.0,PayPal,Paid
940,74,2025-09-11,79.0,Bank Transfer,Paid
941,625,2025-08-19,79.0,Card,Paid
942,311,2025-12-09,199.0,Bank Transfer,Paid
943,581,2025-02-18,199.0,Card,Paid
944,13,2026-06-24,199.0,Card,Paid
945,618,2026-04-24,29.0,PayPal,Failed
946,505,2025-01-09,29.0,Card,Paid
947,264,2025-09-02,199.0,UPI,Paid
948,179,2025-09-11,29.0,PayPal,Paid
949,430,2026-07-18,79.0,Bank Transfer,Paid
950,541,2026-07-14,29.0,Card,Paid
951,547,2025-05-27,29.0,Card,Paid
952,206,2025-03-19,29.0,PayPal,Paid
953,128,2025-11-22,199.0,Bank Transfer,Paid
954,555,2025-12-18,199.0,Card,Paid
955,94,2026-04-08,199.0,Card,Paid
956,173,2025-09-07,29.0,Card,Paid
957,377,2025-10-09,199.0,Bank Transfer,Paid
958,349,2025-02-26,79.0,UPI,Paid
959,297,2025-11-09,199.0,Bank Transfer,Paid
960,74,2025-11-02,79.0,Card,Paid
961,230,2026-01-24,79.0,Card,Paid
962,578,2025-02-05,199.0,Bank Transfer,Paid
963,527,2026-08-02,29.0,Card,Paid
964,613,2025-08-31,29.0,Card,Paid
965,176,2025-11-25,79.0,Card,Paid
966,56,2026-03-27,79.0,Card,Paid
967,134,2025-10-30,79.0,Card,Paid
968,223,2025-10-09,199.0,Card,Paid
969,302,2026-01-26,499.0,Card,Paid
970,542,2026-05-20,199.0,Bank Transfer,Paid
971,122,2025-01-12,29.0,Card,Paid
972,482,2026-06-09,499.0,UPI,Paid
973,187,2026-07-25,199.0,Card,Paid
974,234,2025-03-25,79.0,Bank Transfer,Paid
975,441,2025-01-25,499.0,Card,Paid
976,93,2026-05-02,199.0,UPI,Failed
977,491,2026-03-30,199.0,Card,Paid
978,82,2025-09-06,199.0,Card,Paid
979,633,2025-07-29,79.0,UPI,Paid
980,398,2025-02-01,29.0,UPI,Paid
981,438,2025-07-29,199.0,Card,Paid
982,16,2025-10-19,79.0,UPI,Paid
983,305,2025-06-18,29.0,Bank Transfer,Paid
984,128,2025-03-06,199.0,UPI,Paid
985,314,2025-05-20,79.0,Bank Transfer,Refunded
986,217,2025-10-15,79.0,UPI,Paid
987,146,2026-07-14,79.0,UPI,Paid
988,485,2025-12-03,29.0,UPI,Paid
989,294,2025-04-26,79.0,UPI,Paid
990,213,2025-01-14,199.0,Bank Transfer,Paid
991,102,2025-06-27,79.0,Card,Paid
992,544,2026-05-28,499.0,UPI,Paid
993,525,2025-07-19,29.0,Card,Paid
994,167,2026-02-18,79.0,Card,Paid
995,159,2025-02-01,199.0,Bank Transfer,Paid
996,207,2026-02-23,79.0,PayPal,Failed
997,411,2025-09-01,29.0,Card,Paid
998,188,2025-07-24,29.0,Card,Failed
999,201,2025-11-25,79.0,Card,Paid
1000,171,2025-11-15,79.0,UPI,Paid
1001,64,2026-02-17,79.0,Card,Paid
1002,122,2025-11-23,29.0,Card,Paid
1003,245,2025-08-08,79.0,Card,Paid
1004,536,2026-05-16,199.0,Card,Paid
1005,610,2025-02-20,79.0,UPI,Paid
1006,640,2025-03-20,79.0,Bank Transfer,Failed
1007,622,2026-03-18,499.0,Card,Paid
1008,449,2026-05-30,29.0,UPI,Paid
1009,186,2025-07-22,199.0,Bank Transfer,Paid
1010,360,2026-04-26,79.0,Card,Paid
1011,438,2025-06-09,199.0,PayPal,Paid
1012,196,2025-12-29,199.0,UPI,Paid
1013,35,2026-06-17,29.0,Card,Paid
1014,264,2025-11-28,199.0,PayPal,Paid
1015,616,2026-02-21,79.0,Card,Paid
1016,460,2025-06-06,499.0,UPI,Paid
1017,384,2025-08-14,199.0,Card,Paid
1018,522,2025-12-14,79.0,PayPal,Paid
1019,245,2025-01-30,79.0,UPI,Paid
1020,531,2026-03-05,29.0,PayPal,Paid
1021,264,2026-06-11,199.0,Bank Transfer,Paid
1022,227,2025-06-15,79.0,Bank Transfer,Paid
1023,484,2026-05-26,199.0,Card,Paid
1024,584,2026-04-16,199.0,Bank Transfer,Paid
1025,152,2026-06-14,79.0,PayPal,Paid
1026,627,2025-04-27,79.0,Card,Paid
1027,45,2025-12-17,29.0,UPI,Paid
1028,101,2025-03-26,79.0,Bank Transfer,Paid
1029,635,2026-01-20,79.0,Card,Paid
1030,166,2025-02-12,79.0,PayPal,Paid
1031,15,2025-06-23,79.0,Card,Paid
1032,206,2026-05-01,29.0,Card,Paid
1033,10,2026-05-06,199.0,Card,Paid
1034,336,2025-06-20,29.0,Card,Paid
1035,628,2025-08-31,79.0,UPI,Paid
1036,385,2025-01-31,79.0,Bank Transfer,Paid
1037,344,2025-09-18,79.0,Bank Transfer,Paid
1038,41,2025-07-06,29.0,Card,Failed
1039,395,2026-08-11,199.0,Card,Paid
1040,574,2026-06-26,79.0,Card,Paid
1041,61,2026-07-25,199.0,Bank Transfer,Paid
1042,462,2025-11-02,79.0,Card,Paid
1043,293,2025-05-16,29.0,Card,Paid
1044,410,2025-07-28,79.0,Card,Paid
1045,198,2025-09-20,79.0,Card,Paid
1046,568,2026-07-25,79.0,Card,Paid
1047,239,2025-04-12,29.0,Bank Transfer,Paid
1048,144,2025-07-18,29.0,UPI,Paid
1049,428,2025-05-29,29.0,Card,Paid
1050,205,2025-04-20,79.0,Card,Paid
1051,442,2026-02-12,29.0,Card,Paid
1052,563,2025-01-18,79.0,Card,Paid
1053,421,2025-09-18,29.0,Bank Transfer,Paid
1054,4,2025-04-06,199.0,Card,Paid
1055,3,2025-10-09,29.0,Card,Paid
1056,555,2026-06-27,199.0,Bank Transfer,Paid
1057,649,2025-08-22,29.0,Card,Paid
1058,167,2025-09-06,79.0,Card,Paid
1059,409,2025-04-02,199.0,UPI,Paid
1060,517,2026-08-14,79.0,UPI,Paid
1061,477,2025-04-08,29.0,Card,Paid
1062,36,2026-05-31,29.0,UPI,Paid
1063,167,2026-03-11,79.0,Card,Paid
1064,322,2025-11-27,199.0,Card,Paid
1065,494,2025-12-03,199.0,Card,Failed
1066,448,2025-04-23,79.0,UPI,Paid
1067,124,2026-06-09,79.0,PayPal,Paid
1068,231,2025-03-26,29.0,Bank Transfer,Paid
1069,201,2026-08-25,79.0,PayPal,Paid
1070,341,2025-09-15,29.0,UPI,Paid
1071,489,2025-06-19,79.0,Bank Transfer,Refunded
1072,117,2026-01-05,499.0,PayPal,Paid
1073,250,2025-05-30,79.0,UPI,Paid
1074,99,2026-07-08,199.0,Card,Paid
1075,255,2026-02-23,79.0,PayPal,Paid
1076,352,2026-03-04,79.0,Card,Paid
1077,101,2026-03-20,79.0,PayPal,Paid
1078,160,2026-05-12,199.0,Bank Transfer,Paid
1079,535,2026-04-18,29.0,UPI,Paid
1080,211,2026-08-10,499.0,Bank Transfer,Paid
1081,320,2025-09-26,29.0,Card,Paid
1082,162,2025-01-13,499.0,Card,Paid
1083,615,2026-03-27,199.0,UPI,Paid
1084,162,2025-04-12,499.0,Bank Transfer,Paid
1085,137,2025-01-25,499.0,Card,Paid
1086,286,2025-09-05,29.0,Bank Transfer,Paid
1087,57,2026-03-27,499.0,Card,Paid
1088,314,2026-03-11,79.0,UPI,Paid
1089,601,2026-01-14,79.0,Card,Paid
1090,413,2025-01-17,79.0,Bank Transfer,Failed
1091,603,2025-01-19,199.0,Card,Paid
1092,336,2025-03-11,29.0,UPI,Failed
1093,585,2026-07-01,79.0,Card,Paid
1094,291,2025-05-16,29.0,Bank Transfer,Paid
1095,633,2025-10-27,79.0,Card,Paid
1096,133,2025-03-06,79.0,Bank Transfer,Paid
1097,455,2025-09-13,29.0,Card,Paid
1098,411,2025-04-06,29.0,Card,Paid
1099,544,2025-02-22,499.0,UPI,Paid
1100,625,2026-01-11,79.0,Card,Paid
1101,150,2026-03-30,79.0,Bank Transfer,Paid
1102,200,2026-04-27,29.0,Card,Paid
1103,35,2026-03-28,29.0,Card,Paid
1104,177,2026-02-16,199.0,Card,Failed
1105,178,2026-05-24,79.0,Card,Paid
1106,90,2026-06-25,29.0,UPI,Failed
1107,453,2025-07-10,199.0,UPI,Paid
1108,503,2025-09-15,499.0,Card,Paid
1109,477,2026-03-29,29.0,UPI,Failed
1110,308,2025-09-28,29.0,UPI,Paid
1111,217,2025-10-11,79.0,Card,Paid
1112,284,2025-06-14,79.0,UPI,Paid
1113,142,2025-05-18,499.0,PayPal,Paid
1114,483,2026-06-11,79.0,Card,Paid
1115,588,2026-07-01,79.0,Bank Transfer,Paid
1116,507,2026-07-17,29.0,PayPal,Paid
1117,399,2026-03-10,79.0,Card,Paid
1118,352,2025-06-12,79.0,Card,Paid
1119,222,2025-02-11,29.0,Bank Transfer,Paid
1120,70,2025-07-23,79.0,UPI,Paid
1121,119,2025-07-17,79.0,Card,Paid
1122,346,2025-01-17,199.0,Card,Paid
1123,245,2025-08-30,79.0,Card,Paid
1124,295,2025-08-21,29.0,Card,Paid
1125,99,2026-02-11,199.0,UPI,Paid
1126,484,2026-03-01,199.0,UPI,Paid
1127,447,2025-07-05,29.0,Bank Transfer,Paid
1128,371,2026-02-12,29.0,Bank Transfer,Paid
1129,596,2026-03-01,29.0,UPI,Paid
1130,213,2025-05-01,199.0,Card,Paid
1131,353,2026-01-23,499.0,Bank Transfer,Failed
1132,515,2026-02-27,199.0,UPI,Paid
1133,216,2025-03-12,199.0,Card,Paid
1134,231,2025-09-29,29.0,Card,Paid
1135,109,2025-08-24,29.0,Card,Paid
1136,286,2025-02-04,29.0,Card,Paid
1137,270,2025-01-06,29.0,Card,Paid
1138,247,2025-05-08,79.0,Card,Paid
1139,254,2026-01-08,29.0,Card,Paid
1140,228,2026-08-05,79.0,Card,Paid
1141,358,2025-03-20,29.0,Card,Paid
1142,152,2025-04-29,79.0,Card,Paid
1143,325,2025-07-25,29.0,UPI,Failed
1144,140,2025-08-24,29.0,Card,Paid
1145,158,2025-07-14,79.0,Card,Paid
1146,482,2026-03-25,499.0,Bank Transfer,Paid
1147,597,2026-05-15,29.0,PayPal,Paid
1148,2,2026-03-29,29.0,Card,Failed
1149,446,2026-08-08,199.0,Card,Paid
1150,284,2025-10-05,79.0,Card,Failed
1151,119,2025-10-09,79.0,Bank Transfer,Paid
1152,364,2025-08-21,79.0,Card,Failed
1153,646,2025-04-17,79.0,UPI,Paid
1154,392,2026-05-16,29.0,Card,Paid
1155,360,2025-01-07,79.0,Card,Paid
1156,198,2025-11-24,79.0,Card,Failed
1157,432,2025-06-07,29.0,UPI,Paid
1158,649,2026-05-10,29.0,Card,Refunded
1159,596,2025-06-16,29.0,Card,Paid
1160,113,2025-10-03,29.0,Card,Paid
1161,541,2026-01-31,29.0,Card,Paid
1162,623,2026-06-24,199.0,Card,Paid
1163,10,2025-12-18,199.0,Card,Paid
1164,340,2026-01-01,79.0,UPI,Paid
1165,335,2025-04-09,79.0,UPI,Paid
1166,440,2026-05-08,29.0,Bank Transfer,Paid
1167,343,2025-08-24,79.0,PayPal,Paid
1168,527,2025-05-05,29.0,Card,Paid
1169,328,2026-08-27,199.0,Card,Paid
1170,165,2025-09-21,199.0,UPI,Paid
1171,324,2026-07-24,29.0,Card,Paid
1172,137,2025-06-30,499.0,UPI,Paid
1173,351,2026-03-20,79.0,Bank Transfer,Failed
1174,70,2026-05-30,79.0,Bank Transfer,Paid
1175,541,2026-07-11,29.0,Card,Paid
1176,273,2025-12-06,79.0,UPI,Paid
1177,212,2025-05-16,499.0,UPI,Paid
1178,99,2026-08-21,199.0,UPI,Paid
1179,91,2026-04-02,29.0,Card,Paid
1180,265,2025-08-27,79.0,UPI,Paid
1181,483,2025-02-28,79.0,Card,Paid
1182,40,2025-10-29,29.0,Bank Transfer,Paid
1183,99,2026-05-02,199.0,UPI,Paid
1184,454,2025-07-20,29.0,Card,Paid
1185,75,2025-09-07,29.0,UPI,Paid
1186,477,2025-10-22,29.0,Card,Paid
1187,269,2025-04-25,199.0,PayPal,Paid
1188,76,2026-01-21,499.0,Card,Paid
1189,222,2026-01-17,29.0,Bank Transfer,Paid
1190,242,2025-04-29,29.0,Card,Paid
1191,327,2025-07-19,29.0,PayPal,Paid
1192,87,2025-04-17,199.0,Bank Transfer,Paid
1193,513,2026-03-22,79.0,UPI,Paid
1194,456,2025-02-17,79.0,UPI,Paid
1195,632,2026-03-24,79.0,Bank Transfer,Paid
1196,167,2025-08-07,79.0,Bank Transfer,Paid
1197,243,2025-02-12,199.0,PayPal,Paid
1198,603,2025-11-28,199.0,Card,Paid
1199,552,2026-07-31,499.0,UPI,Paid
1200,36,2026-08-23,29.0,PayPal,Paid
